id,name,link,path,commits,loc,TooManyMethods,ExcessiveMethodLength,ExcessiveClassLength,DataClass,ExcessiveParameterList
8,hidroh/materialistic,https://github.com/hidroh/materialistic,repositories/materialistic,1716,24325,39,1,0,4,0
5,gsantner/memetastic,https://github.com/gsantner/memetastic,repositories/memetastic,230,7321,9,1,0,8,0
4,fenimore/DemocracyDroid,https://github.com/fenimore/DemocracyDroid,repositories/DemocracyDroid,425,2337,1,0,0,2,0
5,ctodobom/OpenNoteScanner,https://github.com/ctodobom/OpenNoteScanner,repositories/OpenNoteScanner,194,3593,3,4,2,3,0
6,HugoGresse/Anecdote,https://github.com/HugoGresse/Anecdote,repositories/Anecdote,308,5464,4,0,0,3,0
5,greenaddress/abcore,https://github.com/greenaddress/abcore,repositories/abcore,230,1863,0,1,0,0,0
5,mkulesh/microMathematics,https://github.com/mkulesh/microMathematics,repositories/microMathematics,495,46005,35,24,8,9,1
6,vijai1996/screenrecorder,https://github.com/vijai1996/screenrecorder,repositories/screenrecorder,191,4497,6,1,0,1,0
7,gsantner/markor,https://github.com/gsantner/markor,repositories/markor,821,11767,18,6,0,3,4
4,SecUSo/privacy-friendly-pedometer,https://github.com/SecUSo/privacy-friendly-pedometer,repositories/privacy-friendly-pedometer,259,7480,8,6,0,9,0
4,philliphsu/ClockPlus,https://github.com/philliphsu/ClockPlus,repositories/ClockPlus,485,7143,14,1,0,0,0
8,Sparker0i/Weather,https://github.com/Sparker0i/Weather,repositories/Weather,672,4414,3,2,0,4,0
5,ScreamingHawk/android-slideshow,https://github.com/ScreamingHawk/android-slideshow,repositories/android-slideshow,319,1696,1,1,0,2,0
4,openintents/notepad,https://github.com/openintents/notepad,repositories/notepad,165,5674,3,7,2,0,0
5,jtmcn/archwiki-viewer,https://github.com/jtmcn/archwiki-viewer,repositories/archwiki-viewer,94,960,0,0,0,1,0
1,kwantam/batsHIIT,https://github.com/kwantam/batsHIIT,repositories/batsHIIT,17,516,1,1,0,0,0
6,commons-app/apps-android-commons,https://github.com/commons-app/apps-android-commons,repositories/apps-android-commons,4233,20721,24,4,0,17,2
3,Cj-Malone/Screens,https://github.com/Cj-Malone/Screens,repositories/Screens,99,788,0,1,0,0,0
5,MarcelJurtz/MTG_LifeCounter,https://github.com/MarcelJurtz/MTG_LifeCounter,repositories/MTG_LifeCounter,184,1340,3,1,0,0,0
7,OpenArchive/openarchive,https://github.com/OpenArchive/openarchive,repositories/openarchive,313,4799,3,3,0,2,0
4,erickok/transdroid,https://github.com/erickok/transdroid,repositories/transdroid,593,24870,23,26,2,12,3
5,kollerlukas/Camera-Roll-Android-App,https://github.com/kollerlukas/Camera-Roll-Android-App,repositories/Camera-Roll-Android-App,393,17435,13,10,2,3,0
7,T-Rex96/Easy_xkcd,https://github.com/T-Rex96/Easy_xkcd,repositories/Easy_xkcd,641,8727,5,4,0,0,0
5,TobiasBielefeld/Simple-Brick-Games,https://github.com/TobiasBielefeld/Simple-Brick-Games,repositories/Simple-Brick-Games,51,5610,4,5,1,0,0
9,TheTorProject/ooniprobe-android,https://github.com/TheTorProject/ooniprobe-android,repositories/ooniprobe-android,446,4587,2,2,0,2,0
4,MCMrARM/revolution-irc,https://github.com/MCMrARM/revolution-irc,repositories/revolution-irc,768,25695,22,5,0,1,1
5,andOTP/andOTP,https://github.com/andOTP/andOTP,repositories/andOTP,661,5989,4,7,0,0,0
4,qqq3/inventum,https://github.com/qqq3/inventum,repositories/inventum,36,5392,5,0,0,0,0
3,HenriDellal/emerald,https://github.com/HenriDellal/emerald,repositories/emerald,124,4856,3,1,0,1,0
3,tengusw/share_to_clipboard,https://github.com/tengusw/share_to_clipboard,repositories/share_to_clipboard,132,392,0,0,0,0,0
1,arnef/bewegungsmelder-android,https://github.com/arnef/bewegungsmelder-android,repositories/bewegungsmelder-android,41,1835,1,1,0,4,0
4,SecUSo/privacy-friendly-dice-game,https://github.com/SecUSo/privacy-friendly-dice-game,repositories/privacy-friendly-dice-game,111,562,0,1,0,0,0
4,itds-consulting/android-silent-ping-sms,https://github.com/itds-consulting/android-silent-ping-sms,repositories/android-silent-ping-sms,26,521,1,0,0,0,0
4,gilbsgilbs/freemobilenetstat,https://github.com/gilbsgilbs/freemobilenetstat,repositories/freemobilenetstat,1726,5346,4,9,0,1,0
7,BiglySoftware/BiglyBT-Android,https://github.com/BiglySoftware/BiglyBT-Android,repositories/BiglyBT-Android,974,48475,45,39,12,8,0
6,btimofeev/UniPatcher,https://github.com/btimofeev/UniPatcher,repositories/UniPatcher,177,4059,2,1,0,2,0
4,Andre1299/TUI-ConsoleLauncher,https://github.com/Andre1299/TUI-ConsoleLauncher,repositories/TUI-ConsoleLauncher,153,24122,17,28,9,6,4
4,adolfintel/chromiumUpdater,https://github.com/adolfintel/chromiumUpdater,repositories/chromiumUpdater,45,966,0,1,0,0,0
6,termux/termux-app,https://github.com/termux/termux-app,repositories/termux-app,500,8960,13,17,1,0,3
3,tananaev/rootless-logcat,https://github.com/tananaev/rootless-logcat,repositories/rootless-logcat,76,893,0,0,0,0,0
2,sergstetsuk/CosyDVR,https://github.com/sergstetsuk/CosyDVR,repositories/CosyDVR,115,1134,1,2,0,0,0
5,caarmen/network-monitor,https://github.com/caarmen/network-monitor,repositories/network-monitor,956,9041,6,1,0,0,1
3,termux/termux-styling,https://github.com/termux/termux-styling,repositories/termux-styling,95,199,0,0,0,0,0
4,TheUberCatman/crates-io-android,https://github.com/TheUberCatman/crates-io-android,repositories/crates-io-android,34,2899,0,1,0,1,0
4,j4velin/Pedometer,https://github.com/j4velin/Pedometer,repositories/Pedometer,467,2178,5,2,0,0,0
10,micolous/metrodroid,https://github.com/micolous/metrodroid,repositories/metrodroid,1683,33590,9,20,0,2,1
2,wbrenna/GTFSOffline,https://github.com/wbrenna/GTFSOffline,repositories/GTFSOffline,78,2540,0,7,0,0,0
4,caarmen/nounours-android,https://github.com/caarmen/nounours-android,repositories/nounours-android,401,3872,3,0,0,0,1
3,Etar-Group/Etar-Calendar,https://github.com/Etar-Group/Etar-Calendar,repositories/Etar-Calendar,5634,36224,32,42,11,5,7
4,SteamGifts/SteamGifts,https://github.com/SteamGifts/SteamGifts,repositories/SteamGifts,611,13082,11,3,0,13,1
2,AnaelMobilia/NextINpact-Unofficial,https://github.com/AnaelMobilia/NextINpact-Unofficial,repositories/NextINpact-Unofficial,1001,4965,2,10,1,3,0
4,scoute-dich/HHSMoodle,https://github.com/scoute-dich/HHSMoodle,repositories/HHSMoodle,174,1722,1,6,0,0,0
5,joonatoona/OpenShift,https://github.com/joonatoona/OpenShift,repositories/OpenShift,16,117,0,0,0,0,0
7,maks/MGit,https://github.com/maks/MGit,repositories/MGit,698,9203,6,0,0,0,0
4,meoblast001/thugaim,https://github.com/meoblast001/thugaim,repositories/thugaim,119,2079,3,0,0,0,0
4,Tortel/SysLog,https://github.com/Tortel/SysLog,repositories/SysLog,239,7577,6,12,2,3,4
4,pR0Ps/LocationShare,https://github.com/pR0Ps/LocationShare,repositories/LocationShare,52,305,1,0,0,0,0
1,dftec-es/planetcon,https://github.com/dftec-es/planetcon,repositories/planetcon,11,7064,6,4,2,0,1
7,saschpe/BirthdayCalendar,https://github.com/saschpe/BirthdayCalendar,repositories/BirthdayCalendar,213,2197,1,2,0,1,0
5,EvanRespaut/Equate,https://github.com/EvanRespaut/Equate,repositories/Equate,395,6580,7,4,1,0,0
4,alaskalinuxuser/app_hourglass,https://github.com/alaskalinuxuser/app_hourglass,repositories/app_hourglass,16,351,1,1,0,0,0
9,Neamar/KISS,https://github.com/Neamar/KISS,repositories/KISS,2974,8875,6,3,0,3,0
5,qqq3/good-weather,https://github.com/qqq3/good-weather,repositories/good-weather,748,4410,1,0,0,1,0
5,TripSit/tripmobile,https://github.com/TripSit/tripmobile,repositories/tripmobile,324,1989,4,0,0,1,0
4,y20k/transistor,https://github.com/y20k/transistor,repositories/transistor,831,4893,5,1,1,1,1
2,geecko86/QuickLyric,https://github.com/geecko86/QuickLyric,repositories/QuickLyric,979,13160,8,12,1,2,0
5,richsmith/sexytopo,https://github.com/richsmith/sexytopo,repositories/sexytopo,268,10284,13,0,1,0,0
3,icechen1/Notable,https://github.com/icechen1/Notable,repositories/Notable,26,1668,2,1,0,3,0
4,quaap/SeafoodBerserker,https://github.com/quaap/SeafoodBerserker,repositories/SeafoodBerserker,122,1621,3,1,0,0,0
5,Gittner/OSMBugs,https://github.com/Gittner/OSMBugs,repositories/OSMBugs,266,5856,1,3,0,0,1
7,oliexdev/openScale,https://github.com/oliexdev/openScale,repositories/openScale,1356,14133,11,5,0,3,0
4,termux/termux-widget,https://github.com/termux/termux-widget,repositories/termux-widget,42,304,0,0,0,0,0
5,guardianproject/ripple,https://github.com/guardianproject/ripple,repositories/ripple,100,792,0,0,0,0,0
4,termux/termux-float,https://github.com/termux/termux-float,repositories/termux-float,17,604,2,0,0,0,0
5,capitoledulibre/cdl-companion-android,https://github.com/capitoledulibre/cdl-companion-android,repositories/cdl-companion-android,358,8400,6,3,0,6,0
4,gjedeer/mylocation,https://github.com/gjedeer/mylocation,repositories/mylocation,45,857,1,0,0,0,0
4,SecUSo/privacy-friendly-shopping-list,https://github.com/SecUSo/privacy-friendly-shopping-list,repositories/privacy-friendly-shopping-list,404,10440,4,3,0,21,0
5,vanilla-music/vanilla-music-cover-fetch,https://github.com/vanilla-music/vanilla-music-cover-fetch,repositories/vanilla-music-cover-fetch,35,571,1,0,0,0,0
7,scoute-dich/K9-MailClient,https://github.com/scoute-dich/K9-MailClient,repositories/K9-MailClient,53,88069,114,51,21,12,2
4,veniosg/Dir,https://github.com/veniosg/Dir,repositories/Dir,821,10523,13,0,0,1,0
10,greenaddress/GreenBits,https://github.com/greenaddress/GreenBits,repositories/GreenBits,1966,180407,387,78,69,21,5
6,flyve-mdm/android-inventory-agent/,https://github.com/flyve-mdm/android-inventory-agent/,repositories/android-inventory-agent/,700,3735,0,0,0,3,0
7,marunjar/anewjkuapp,https://github.com/marunjar/anewjkuapp,repositories/anewjkuapp,983,16987,13,10,1,9,3
4,anselm94/Torchie-Android,https://github.com/anselm94/Torchie-Android,repositories/Torchie-Android,135,3408,6,0,0,0,1
4,WangDaYeeeeee/Mysplash,https://github.com/WangDaYeeeeee/Mysplash,repositories/Mysplash,176,45766,61,2,2,25,0
4,DecentralizedAmateurPagingNetwork/DAPNETApp,https://github.com/DecentralizedAmateurPagingNetwork/DAPNETApp,repositories/DAPNETApp,216,3021,3,0,0,8,0
5,butzist/ActivityLauncher,https://github.com/butzist/ActivityLauncher,repositories/ActivityLauncher,60,1207,0,0,0,0,0
4,francescosoave/TIS_android,https://github.com/francescosoave/TIS_android,repositories/TIS_android,16,326,0,0,0,0,0
5,tranquvis/SimpleSmsRemote,https://github.com/tranquvis/SimpleSmsRemote,repositories/SimpleSmsRemote,257,6797,5,2,0,7,0
2,RyuzakiKK/NoteCrypt,https://github.com/RyuzakiKK/NoteCrypt,repositories/NoteCrypt,96,2369,2,1,0,0,0
3,h42i/d00r-app,https://github.com/h42i/d00r-app,repositories/d00r-app,8,765,0,0,0,2,0
6,westnordost/StreetComplete,https://github.com/westnordost/StreetComplete,repositories/StreetComplete,1514,32020,36,0,0,7,3
5,linuxtage/glt-companion,https://github.com/linuxtage/glt-companion,repositories/glt-companion,374,8775,6,3,0,6,0
1,gentlecat/Simple-Counter/,https://github.com/gentlecat/Simple-Counter/,repositories/Simple-Counter/,210,954,3,0,0,0,0
10,thuryn/your-local-weather,https://github.com/thuryn/your-local-weather,repositories/your-local-weather,3756,15537,9,8,1,7,1
4,abrensch/brouter,https://github.com/abrensch/brouter,repositories/brouter,309,26725,19,30,2,1,0
6,reloZid/android-anuto,https://github.com/reloZid/android-anuto,repositories/android-anuto,817,10698,15,0,0,0,0
4,VREMSoftwareDevelopment/WifiAnalyzer,https://github.com/VREMSoftwareDevelopment/WifiAnalyzer,repositories/WifiAnalyzer,1271,17256,22,1,0,1,0
5,domogik/domodroid,https://github.com/domogik/domodroid,repositories/domodroid,2022,23131,10,44,7,10,6
8,mikifus/padland,https://github.com/mikifus/padland,repositories/padland,202,4519,5,1,0,0,0
1,Sensirion/SmartGadget-Android,https://github.com/Sensirion/SmartGadget-Android,repositories/SmartGadget-Android,151,8403,12,0,0,1,0
4,TobiasBielefeld/Simple-Solitaire,https://github.com/TobiasBielefeld/Simple-Solitaire,repositories/Simple-Solitaire,866,14768,28,6,2,0,0
1,kaputnikGo/LittleSirEcho,https://github.com/kaputnikGo/LittleSirEcho,repositories/LittleSirEcho,10,433,1,0,0,0,0
6,meefik/busybox,https://github.com/meefik/busybox,repositories/busybox,110,1058,0,0,0,0,0
6,SufficientlySecure/calendar-import-export,https://github.com/SufficientlySecure/calendar-import-export,repositories/calendar-import-export,296,2686,3,3,1,0,0
5,vanilla-music/vanilla-music-tag-editor,https://github.com/vanilla-music/vanilla-music-tag-editor,repositories/vanilla-music-tag-editor,52,638,0,1,0,0,0
6,openintents/shoppinglist,https://github.com/openintents/shoppinglist,repositories/shoppinglist,493,10955,8,16,4,1,0
4,rootkiwi/an2linuxclient,https://github.com/rootkiwi/an2linuxclient,repositories/an2linuxclient,61,5262,2,4,0,1,0
4,janoliver/pOT-Droid,https://github.com/janoliver/pOT-Droid,repositories/pOT-Droid,582,13234,14,10,1,5,0
7,shlusiak/Freebloks-Android,https://github.com/shlusiak/Freebloks-Android,repositories/Freebloks-Android,1006,11691,11,10,2,3,1
3,rdoeffinger/Dictionary,https://github.com/rdoeffinger/Dictionary,repositories/Dictionary,638,5106,3,6,1,0,0
5,brarcher/rental-calc,https://github.com/brarcher/rental-calc,repositories/rental-calc,175,6581,8,14,0,0,0
4,vitas/beaconloc,https://github.com/vitas/beaconloc,repositories/beaconloc,90,5811,9,1,0,3,0
4,dimtion/Shaarlier,https://github.com/dimtion/Shaarlier,repositories/Shaarlier,150,2021,0,0,0,4,0
4,hypeapps/Endoscope,https://github.com/hypeapps/Endoscope,repositories/Endoscope,106,8201,13,4,0,0,0
4,quaap/PhoneFoneFun,https://github.com/quaap/PhoneFoneFun,repositories/PhoneFoneFun,29,345,1,0,0,0,0
7,ccrama/Slide,https://github.com/ccrama/Slide,repositories/Slide,3656,77257,40,178,13,9,5
5,afollestad/nock-nock,https://github.com/afollestad/nock-nock,repositories/nock-nock,52,1493,1,0,0,0,0
5,raphaelm/c3nav-android/,https://github.com/raphaelm/c3nav-android/,repositories/c3nav-android/,76,338,0,1,0,0,0
4,nerzhul/ownCloud-SMS-App,https://github.com/nerzhul/ownCloud-SMS-App,repositories/ownCloud-SMS-App,576,2870,1,0,0,0,0
2,aragaer/jtt_android,https://github.com/aragaer/jtt_android,repositories/jtt_android,574,3667,0,0,0,0,0
5,openfoodfacts/openfoodfacts-androidapp,https://github.com/openfoodfacts/openfoodfacts-androidapp,repositories/openfoodfacts-androidapp,5091,22530,17,19,2,28,2
8,vector-im/riot-android,https://github.com/vector-im/riot-android,repositories/riot-android,6199,49003,38,73,17,3,1
4,ScreamingHawk/fate-sheets,https://github.com/ScreamingHawk/fate-sheets,repositories/fate-sheets,155,2186,0,0,0,7,0
4,termux/termux-tasker,https://github.com/termux/termux-tasker,repositories/termux-tasker,22,709,0,0,0,0,0
5,mikljohansson/retroboy,https://github.com/mikljohansson/retroboy,repositories/retroboy,186,4959,3,2,1,1,0
4,vuze/vuze-remote-for-android,https://github.com/vuze/vuze-remote-for-android,repositories/vuze-remote-for-android,41,41209,36,47,14,6,0
5,genonbeta/TrebleShot,https://github.com/genonbeta/TrebleShot,repositories/TrebleShot,807,18138,12,17,1,9,1
4,ciubex/dscautorename,https://github.com/ciubex/dscautorename,repositories/dscautorename,172,7984,9,1,3,1,0
5,vanilla-music/vanilla-music-lyrics-search,https://github.com/vanilla-music/vanilla-music-lyrics-search,repositories/vanilla-music-lyrics-search,42,439,1,0,0,0,0
4,y20k/trackbook,https://github.com/y20k/trackbook,repositories/trackbook,224,3420,4,1,0,0,2
5,stom79/mastalab,https://github.com/stom79/mastalab,repositories/mastalab,3785,27071,8,59,7,17,0
4,quaap/BookyMcBookface,https://github.com/quaap/BookyMcBookface,repositories/BookyMcBookface,264,3528,5,3,1,1,0
10,nextcloud/android,https://github.com/nextcloud/android,repositories/android,11789,58064,66,25,10,9,6
4,no-go/AnotherRSS,https://github.com/no-go/AnotherRSS,repositories/AnotherRSS,42,2632,0,3,0,0,0
1,axxapy/apkExtractor,https://github.com/axxapy/apkExtractor,repositories/apkExtractor,53,546,0,0,0,0,0
4,rascarlo/AURdroid,https://github.com/rascarlo/AURdroid,repositories/AURdroid,54,1879,3,0,0,0,0
2,bpeel/prevo,https://github.com/bpeel/prevo,repositories/prevo,206,2701,2,1,0,0,0
8,scoute-dich/Weather,https://github.com/scoute-dich/Weather,repositories/Weather,672,4414,3,2,0,4,0
4,no-go/TextThing,https://github.com/no-go/TextThing,repositories/TextThing,48,925,1,2,0,0,0
4,takke/DataStats,https://github.com/takke/DataStats,repositories/DataStats,118,1662,3,2,0,1,0
5,trezor/trezor-android,https://github.com/trezor/trezor-android,repositories/trezor-android,66,82847,224,22,33,9,2
3,GunshipPenguin/open_flood,https://github.com/GunshipPenguin/open_flood,repositories/open_flood,138,1123,1,0,0,0,0
3,cgogolin/library,https://github.com/cgogolin/library,repositories/library,114,2943,2,7,1,0,0
6,nilesr/United4,https://github.com/nilesr/United4,repositories/United4,229,3854,3,1,0,0,0
4,TTTDevs/NextCloudBookmarksAndroid,https://github.com/TTTDevs/NextCloudBookmarksAndroid,repositories/NextCloudBookmarksAndroid,16,127,0,0,0,0,0
5,tjg1/nori,https://github.com/tjg1/nori,repositories/nori,561,6726,6,0,1,2,0
8,metinkale38/namaz-vakti-android,https://github.com/metinkale38/namaz-vakti-android,repositories/namaz-vakti-android,375,20839,17,18,3,2,0
4,SecUSo/privacy-friendly-memo-game,https://github.com/SecUSo/privacy-friendly-memo-game,repositories/privacy-friendly-memo-game,92,2381,1,0,0,0,0
1,mo271/guessaday,https://github.com/mo271/guessaday,repositories/guessaday,43,795,0,1,0,0,0
150,theScrabi/OCBookmarks,https://github.com/theScrabi/OCBookmarks,repositories/OCBookmarks,76,795,0,0,0,0,0
4,souch/SMP,https://github.com/souch/SMP,repositories/SMP,274,3917,5,2,1,4,1
4,SecUSo/privacy-friendly-passwordgenerator,https://github.com/SecUSo/privacy-friendly-passwordgenerator,repositories/privacy-friendly-passwordgenerator,281,3664,1,4,0,1,1
153,theScrabi/Terminightor,https://github.com/theScrabi/Terminightor,repositories/Terminightor,51,3664,0,0,0,0,0
4,aario/killcamera,https://github.com/aario/killcamera,repositories/killcamera,16,171,0,0,0,0,0
5,gateship-one/odyssey,https://github.com/gateship-one/odyssey,repositories/odyssey,1122,13927,17,4,2,1,0
10,owncloud/android/,https://github.com/owncloud/android/,repositories/android/,11789,58064,66,25,10,9,6
3,jatwigg/cmus-android-remote,https://github.com/jatwigg/cmus-android-remote,repositories/cmus-android-remote,45,1217,0,0,0,0,0
158,proninyaroslav/libretorrent,https://github.com/proninyaroslav/libretorrent,repositories/libretorrent,1,1217,0,0,0,0,0
5,stefan-niedermann/nextcloud-notes,https://github.com/stefan-niedermann/nextcloud-notes,repositories/nextcloud-notes,498,4465,5,0,0,2,0
4,chaosdorf/meteroid,https://github.com/chaosdorf/meteroid,repositories/meteroid,238,2116,1,1,0,2,0
1,js-labs/ShellsMP,https://github.com/js-labs/ShellsMP,repositories/ShellsMP,43,6182,3,7,1,1,2
4,SecUSo/privacy-friendly-sudoku,https://github.com/SecUSo/privacy-friendly-sudoku,repositories/privacy-friendly-sudoku,207,6930,5,6,1,4,0
1,vackosar/search-based-launcher/,https://github.com/vackosar/search-based-launcher/,repositories/search-based-launcher/,255,1804,2,0,0,1,0
5,brarcher/loyalty-card-locker,https://github.com/brarcher/loyalty-card-locker,repositories/loyalty-card-locker,452,3601,1,3,0,0,0
2,PowerInside/syncplayer,https://github.com/PowerInside/syncplayer,repositories/syncplayer,42,2040,3,3,0,0,0
4,httpdispatch/MissedNotificationsReminder,https://github.com/httpdispatch/MissedNotificationsReminder,repositories/MissedNotificationsReminder,57,7930,8,3,1,1,1
4,rignaneseleo/SlimSocial-for-Facebook,https://github.com/rignaneseleo/SlimSocial-for-Facebook,repositories/SlimSocial-for-Facebook,172,1848,4,1,1,0,0
6,xbmc/Kore,https://github.com/xbmc/Kore,repositories/Kore,719,34578,38,10,1,49,3
5,schnatterer/nusic,https://github.com/schnatterer/nusic,repositories/nusic,680,6029,4,0,0,3,3
8,tejado/Authorizer,https://github.com/tejado/Authorizer,repositories/Authorizer,1339,29718,24,18,4,4,3
4,CityZenApp/Android-Development,https://github.com/CityZenApp/Android-Development,repositories/Android-Development,327,7165,6,1,0,4,1
4,franciscofranco/Simple-Reboot-app,https://github.com/franciscofranco/Simple-Reboot-app,repositories/Simple-Reboot-app,16,114,0,0,0,0,0
2,mosmetro-android/mosmetro-android,https://github.com/mosmetro-android/mosmetro-android,repositories/mosmetro-android,1042,3959,3,5,0,0,0
5,vishesh/sealnote,https://github.com/vishesh/sealnote,repositories/sealnote,337,5526,4,1,0,0,0
5,openfoodfacts/openfoodfacts-androidapp,https://github.com/openfoodfacts/openfoodfacts-androidapp,repositories/openfoodfacts-androidapp,5091,22530,17,19,2,28,2
6,jonan/ForkHub,https://github.com/jonan/ForkHub,repositories/ForkHub,2849,22951,29,4,0,2,1
4,biylda/WhereYouGo,https://github.com/biylda/WhereYouGo,repositories/WhereYouGo,224,11198,14,5,0,6,1
4,wizmer/syncorg,https://github.com/wizmer/syncorg,repositories/syncorg,1361,8642,8,3,0,0,0
3,asnelt/derandom,https://github.com/asnelt/derandom,repositories/derandom,14,3320,4,1,1,0,1
6,manuelsc/Lunary-Ethereum-Wallet,https://github.com/manuelsc/Lunary-Ethereum-Wallet,repositories/Lunary-Ethereum-Wallet,82,7374,8,6,0,6,1
10,etesync/android,https://github.com/etesync/android,repositories/android,11789,58064,66,25,10,9,6
6,graham22/Classic,https://github.com/graham22/Classic,repositories/Classic,120,12649,16,3,0,5,0
5,VladThodo/behe-keyboard,https://github.com/VladThodo/behe-keyboard,repositories/behe-keyboard,63,1835,1,1,1,0,0
4,ndleyton/OneTwo,https://github.com/ndleyton/OneTwo,repositories/OneTwo,62,1840,2,1,0,1,0
4,alaskalinuxuser/app_justnotes,https://github.com/alaskalinuxuser/app_justnotes,repositories/app_justnotes,16,913,0,5,0,0,0
4,42SK/TVKILL,https://github.com/42SK/TVKILL,repositories/TVKILL,92,497,1,0,0,0,0
5,lexica/lexica,https://github.com/lexica/lexica,repositories/lexica,218,5134,8,0,0,0,0
4,openintents/flashlight,https://github.com/openintents/flashlight,repositories/flashlight,73,750,1,1,0,0,0
4,farmerbb/Taskbar,https://github.com/farmerbb/Taskbar,repositories/Taskbar,742,9658,5,16,2,3,0
7,citiususc/calendula,https://github.com/citiususc/calendula,repositories/calendula,1383,26230,28,5,2,25,1
8,no-go/ViboraFeed,https://github.com/no-go/ViboraFeed,repositories/ViboraFeed,36,1612,0,0,0,0,0
4,EXL/Snooder21,https://github.com/EXL/Snooder21,repositories/Snooder21,53,1465,2,1,1,0,0
5,jonasoreland/runnerup/,https://github.com/jonasoreland/runnerup/,repositories/runnerup/,2561,34608,33,18,2,5,0
3,microg/android_packages_apps_UnifiedNlp,https://github.com/microg/android_packages_apps_UnifiedNlp,repositories/android_packages_apps_UnifiedNlp,223,2559,5,0,1,2,1
5,brarcher/gift-card-guard,https://github.com/brarcher/gift-card-guard,repositories/gift-card-guard,121,1521,1,1,0,0,0
4,Kestutis-Z/World-Weather,https://github.com/Kestutis-Z/World-Weather,repositories/World-Weather,277,8412,4,4,1,3,0
4,dkim0419/SoundRecorder,https://github.com/dkim0419/SoundRecorder,repositories/SoundRecorder,80,1194,1,0,0,0,0
4,seizonsenryaku/HayaiLauncher,https://github.com/seizonsenryaku/HayaiLauncher,repositories/HayaiLauncher,371,1500,1,0,0,0,0
4,segler-alex/RadioDroid,https://github.com/segler-alex/RadioDroid,repositories/RadioDroid,625,8830,11,2,0,3,0
4,fython/Blackbulb,https://github.com/fython/Blackbulb,repositories/Blackbulb,143,5399,5,4,1,1,0
6,fossasia/open-event-android,https://github.com/fossasia/open-event-android,repositories/open-event-android,311,80,0,0,0,0,0
4,aravindsagar/ScreenShift,https://github.com/aravindsagar/ScreenShift,repositories/ScreenShift,35,5116,7,0,1,0,0
5,openfoodfacts/openfoodfacts-androidapp,https://github.com/openfoodfacts/openfoodfacts-androidapp,repositories/openfoodfacts-androidapp,5091,22530,17,19,2,28,2
4,milesmcc/LibreNews-Android,https://github.com/milesmcc/LibreNews-Android,repositories/LibreNews-Android,52,796,0,1,0,1,0
5,CriticalMaps/criticalmaps-android,https://github.com/CriticalMaps/criticalmaps-android,repositories/criticalmaps-android,871,3534,5,0,0,0,0
6,gsantner/kimai-android,https://github.com/gsantner/kimai-android,repositories/kimai-android,101,2238,3,0,0,1,0
207,theScrabi/OCBookmarks,https://github.com/theScrabi/OCBookmarks,repositories/OCBookmarks,76,2238,0,0,0,0,0
3,termux/termux-api,https://github.com/termux/termux-api,repositories/termux-api,192,5025,0,8,0,0,0
4,scoute-dich/Sieben,https://github.com/scoute-dich/Sieben,repositories/Sieben,55,9069,1,38,0,0,0
5,gstraube/cythara,https://github.com/gstraube/cythara,repositories/cythara,267,16465,7,27,2,3,2
5,markusfisch/ShaderEditor,https://github.com/markusfisch/ShaderEditor,repositories/ShaderEditor,479,8452,7,2,2,1,0
4,LukeStonehm/LogicalDefence,https://github.com/LukeStonehm/LogicalDefence,repositories/LogicalDefence,186,385,0,0,0,0,0
2,alijc/CricketsAlarm,https://github.com/alijc/CricketsAlarm,repositories/CricketsAlarm,16,871,2,0,0,0,0
6,durka/HallMonitor,https://github.com/durka/HallMonitor,repositories/HallMonitor,225,4209,5,1,2,0,0
4,erickok/transdroid,https://github.com/erickok/transdroid,repositories/transdroid,593,24870,23,26,2,12,3
5,phunehehe/fooCam,https://github.com/phunehehe/fooCam,repositories/fooCam,81,295,1,0,0,0,0
2,threedliteguy/UhLocationReportingService,https://github.com/threedliteguy/UhLocationReportingService,repositories/UhLocationReportingService,5,774,1,0,0,0,0
1,grote/BlitzMail,https://github.com/grote/BlitzMail,repositories/BlitzMail,102,696,0,0,0,0,0
2,taky/effy,https://github.com/taky/effy,repositories/effy,83,588,0,0,0,0,0
1,boztalay/PuppyFrame,https://github.com/boztalay/PuppyFrame,repositories/PuppyFrame,40,990,1,0,0,0,0
2,pejic/Summation,https://github.com/pejic/Summation,repositories/Summation,32,666,0,0,0,0,0
1,anupam1525/AcrylicPaint,https://github.com/anupam1525/AcrylicPaint,repositories/AcrylicPaint,3,805,0,1,0,0,0
1,alt236/Android-Drawables---Android,https://github.com/alt236/Android-Drawables---Android,repositories/Android-Drawables---Android,44,1901,1,0,2,0,0
1,headrevision/BehatReporter,https://github.com/headrevision/BehatReporter,repositories/BehatReporter,27,2198,2,0,0,0,0
1,dynalogin/dynalogin-android,https://github.com/dynalogin/dynalogin-android,repositories/dynalogin-android,6,1528,1,1,1,0,0
4,mathbellev/StdAtmosphere,https://github.com/mathbellev/StdAtmosphere,repositories/StdAtmosphere,10,5537,3,0,4,0,0
2,dnet/adsdroid,https://github.com/dnet/adsdroid,repositories/adsdroid,65,319,0,0,0,0,0
2,OEP/rainwave-android,https://github.com/OEP/rainwave-android,repositories/rainwave-android,319,4959,4,4,1,1,0
1,jufickel/rdt,https://github.com/jufickel/rdt,repositories/rdt,10,239,1,0,0,0,0
1,yuttadhammo/E-Tipitaka-for-Android,https://github.com/yuttadhammo/E-Tipitaka-for-Android,repositories/E-Tipitaka-for-Android,95,7704,9,10,2,4,1
4,cbeyls/fosdem-companion-android,https://github.com/cbeyls/fosdem-companion-android,repositories/fosdem-companion-android,343,8622,5,3,0,6,0
3,Smerty/zooborns.android,https://github.com/Smerty/zooborns.android,repositories/zooborns.android,92,1360,0,1,0,2,0
5,billthefarmer/tuner,https://github.com/billthefarmer/tuner,repositories/tuner,210,2824,1,4,1,0,0
4,hgdev-ch/toposuite-android,https://github.com/hgdev-ch/toposuite-android,repositories/toposuite-android,2031,25474,30,13,0,39,9
5,AndlyticsProject/andlytics,https://github.com/AndlyticsProject/andlytics,repositories/andlytics,1522,17079,15,12,1,13,1
7,devonjones/PathfinderOpenReference,https://github.com/devonjones/PathfinderOpenReference,repositories/PathfinderOpenReference,249,12758,8,1,0,11,1
1,cmykola/Lexin,https://github.com/cmykola/Lexin,repositories/Lexin,58,6982,7,10,1,0,1
1,ZorgeR/nanoConverter,https://github.com/ZorgeR/nanoConverter,repositories/nanoConverter,29,2305,1,2,1,0,0
4,ValleZ/Paper-Wallet,https://github.com/ValleZ/Paper-Wallet,repositories/Paper-Wallet,224,9354,9,14,4,3,1
4,ojacquemart/vlilleChecker,https://github.com/ojacquemart/vlilleChecker,repositories/vlilleChecker,380,4262,7,0,0,1,0
2,gwhiteside/abstract-art,https://github.com/gwhiteside/abstract-art,repositories/abstract-art,166,4376,2,3,0,0,0
2,yhcting/netmbuddy,https://github.com/yhcting/netmbuddy,repositories/netmbuddy,472,15634,17,2,4,2,0
2,arifhn/nstools,https://github.com/arifhn/nstools,repositories/nstools,175,2958,2,1,0,3,0
6,koelleChristian/trickytripper,https://github.com/koelleChristian/trickytripper,repositories/trickytripper,287,20293,24,11,2,18,1
9,mjdenham/and-bible,https://github.com/mjdenham/and-bible,repositories/and-bible,2831,30303,28,3,0,6,0
2,rafi-kamal/Bangla-Dictionary,https://github.com/rafi-kamal/Bangla-Dictionary,repositories/Bangla-Dictionary,36,551,0,0,0,1,0
6,vx/connectbot,https://github.com/vx/connectbot,repositories/connectbot,739,35004,28,38,9,17,2
5,irssiconnectbot/irssiconnectbot,https://github.com/irssiconnectbot/irssiconnectbot,repositories/irssiconnectbot,586,33190,27,36,7,17,2
3,concentricsky/android-viewer-for-khan-academy,https://github.com/concentricsky/android-viewer-for-khan-academy,repositories/android-viewer-for-khan-academy,4,9206,12,7,1,11,0
1,chemicalappspace/Isotopes,https://github.com/chemicalappspace/Isotopes,repositories/Isotopes,21,103,0,0,0,0,0
1,xgouchet/Ted,https://github.com/xgouchet/Ted,repositories/Ted,42,2300,2,0,0,0,0
2,DocSalvi/LinuxDayAppAndroid,https://github.com/DocSalvi/LinuxDayAppAndroid,repositories/LinuxDayAppAndroid,40,1962,2,0,0,1,0
1,yourealwaysbe/teacup,https://github.com/yourealwaysbe/teacup,repositories/teacup,121,2524,4,0,1,1,1
5,QuantumBadger/RedReader,https://github.com/QuantumBadger/RedReader,repositories/RedReader,1254,31255,31,49,1,6,6
9,klassm/andFHEM,https://github.com/klassm/andFHEM,repositories/andFHEM,2682,13623,6,2,0,6,0
3,ultramega/elementary,https://github.com/ultramega/elementary,repositories/elementary,502,5800,1,0,2,0,1
6,slapperwan/gh4a,https://github.com/slapperwan/gh4a,repositories/gh4a,2602,31135,50,9,0,4,10
1,romario333/opensudoku,https://github.com/romario333/opensudoku,repositories/opensudoku,241,6079,10,4,0,0,0
4,qii/weiciyuan,https://github.com/qii/weiciyuan,repositories/weiciyuan,3128,57907,55,24,5,36,3
4,czlee/debatekeeper,https://github.com/czlee/debatekeeper,repositories/debatekeeper,622,5867,5,3,1,0,0
3,mick88/filemanager,https://github.com/mick88/filemanager,repositories/filemanager,226,3167,3,0,0,0,0
3,ginkel/hashit,https://github.com/ginkel/hashit,repositories/hashit,117,1388,2,1,0,0,0
7,bpellin/keepassdroid,https://github.com/bpellin/keepassdroid,repositories/keepassdroid,1041,17391,19,6,2,2,0
1,LittleFox94/PGPAuth,https://github.com/LittleFox94/PGPAuth,repositories/PGPAuth,79,826,0,0,0,0,0
1,maxfierke/sandwichroulette,https://github.com/maxfierke/sandwichroulette,repositories/sandwichroulette,6,1288,1,0,0,2,0
4,j4velin/SystemAppMover,https://github.com/j4velin/SystemAppMover,repositories/SystemAppMover,67,675,0,3,0,0,0
3,andybotting/tramhunter,https://github.com/andybotting/tramhunter,repositories/tramhunter,288,5686,2,2,0,6,0
7,danieloeh/AntennaPod,https://github.com/danieloeh/AntennaPod,repositories/AntennaPod,4591,47575,59,15,7,16,7
10,aarddict/android,https://github.com/aarddict/android,repositories/android,11789,58064,66,25,10,9,6
1,nephoapp/anarxiv,https://github.com/nephoapp/anarxiv,repositories/anarxiv,54,2139,2,2,0,0,0
17,geometer/FBReaderJ,https://github.com/geometer/FBReaderJ,repositories/FBReaderJ,9034,70853,64,32,7,11,8
2,Pansanel/cetoolbox,https://github.com/Pansanel/cetoolbox,repositories/cetoolbox,40,2422,0,5,0,1,0
3,feelinglucky/Presentation,https://github.com/feelinglucky/Presentation,repositories/Presentation,33,1392,0,0,0,0,0
7,open-keychain/open-keychain,https://github.com/open-keychain/open-keychain,repositories/open-keychain,7094,69919,68,48,9,6,2
12,ankidroid/Anki-Android,https://github.com/ankidroid/Anki-Android,repositories/Anki-Android,8898,49517,48,28,9,12,0
1,fivasim/Antikythera-Simulation,https://github.com/fivasim/Antikythera-Simulation,repositories/Antikythera-Simulation,3,2255,0,3,0,0,0
6,Tyde/TuCanMobile,https://github.com/Tyde/TuCanMobile,repositories/TuCanMobile,316,6785,0,2,0,1,1
3,dennischen/daily-money,https://github.com/dennischen/daily-money,repositories/daily-money,176,9321,16,5,0,9,1
4,hwki/SimpleBitcoinWidget,https://github.com/hwki/SimpleBitcoinWidget,repositories/SimpleBitcoinWidget,123,2462,0,0,0,0,0
3,zikalify/BMI_Calculator,https://github.com/zikalify/BMI_Calculator,repositories/BMI_Calculator,28,93,0,0,0,0,0
1,roelb/Simple-C25K,https://github.com/roelb/Simple-C25K,repositories/Simple-C25K,45,1349,2,3,0,0,0
3,yuttadhammo/BodhiTimer,https://github.com/yuttadhammo/BodhiTimer,repositories/BodhiTimer,9,3202,1,5,1,0,0
2,yanchenko/droidparts-battery-widget,https://github.com/yanchenko/droidparts-battery-widget,repositories/droidparts-battery-widget,11,552,0,0,0,0,0
5,lordi/tickmate,https://github.com/lordi/tickmate,repositories/tickmate,399,4922,4,3,0,1,0
4,dougkeen/BartRunnerAndroid,https://github.com/dougkeen/BartRunnerAndroid,repositories/BartRunnerAndroid,204,6030,6,3,0,6,0
4,ybonnel/TransportsRennes,https://github.com/ybonnel/TransportsRennes,repositories/TransportsRennes,1307,23551,8,11,0,15,0
5,danielme-com/Muspy-for-Android,https://github.com/danielme-com/Muspy-for-Android,repositories/Muspy-for-Android,82,6486,4,0,0,14,2
3,zagaberoo/diode,https://github.com/zagaberoo/diode,repositories/diode,972,13487,12,11,3,9,1
5,monakhv/samlib-Info,https://github.com/monakhv/samlib-Info,repositories/samlib-Info,738,19081,22,5,2,12,0
1,jagossel/MovingPolygons,https://github.com/jagossel/MovingPolygons,repositories/MovingPolygons,80,886,1,0,0,0,0
4,plusonelabs/calendar-widget,https://github.com/plusonelabs/calendar-widget,repositories/calendar-widget,415,4643,5,0,0,0,0
1,alterechtschreibung/MonthCalendarWidget2FOSS,https://github.com/alterechtschreibung/MonthCalendarWidget2FOSS,repositories/MonthCalendarWidget2FOSS,9,2035,2,3,0,0,1
5,illarionov/RtkGps,https://github.com/illarionov/RtkGps,repositories/RtkGps,75,10434,8,4,0,0,5
6,asksven/BetterBatteryStats,https://github.com/asksven/BetterBatteryStats,repositories/BetterBatteryStats,209,23191,7,42,4,2,10
2,bvalosek/cpuspy,https://github.com/bvalosek/cpuspy,repositories/cpuspy,73,389,1,0,0,0,0
4,sanbeg/flashlight,https://github.com/sanbeg/flashlight,repositories/flashlight,73,750,1,1,0,0,0
4,intrications/intent-intercept,https://github.com/intrications/intent-intercept,repositories/intent-intercept,138,778,1,0,0,0,0
8,mozilla/MozStumbler,https://github.com/mozilla/MozStumbler,repositories/MozStumbler,2698,23907,19,4,1,2,1
3,domoritz/open-mensa-android,https://github.com/domoritz/open-mensa-android,repositories/open-mensa-android,170,2020,1,0,0,0,0
3,OpenWatch/OpenWatch-Android,https://github.com/OpenWatch/OpenWatch-Android,repositories/OpenWatch-Android,438,12265,14,8,1,1,0
3,cybro/PalmCalc,https://github.com/cybro/PalmCalc,repositories/PalmCalc,9,30627,38,16,10,2,0
4,xargsgrep/PortKnocker,https://github.com/xargsgrep/PortKnocker,repositories/PortKnocker,175,3665,2,0,0,5,0
4,DamienOReilly/PrepayCredit,https://github.com/DamienOReilly/PrepayCredit,repositories/PrepayCredit,49,2863,1,1,0,1,0
6,wolpi/prim-ftpd,https://github.com/wolpi/prim-ftpd,repositories/prim-ftpd,549,10282,10,4,1,4,2
4,lpar/RPN,https://github.com/lpar/RPN,repositories/RPN,37,1012,2,0,0,0,0
3,mportuesisf/ScreenInfo,https://github.com/mportuesisf/ScreenInfo,repositories/ScreenInfo,54,562,2,0,0,0,0
1,gokhanmoral/STweaks,https://github.com/gokhanmoral/STweaks,repositories/STweaks,8,1084,1,1,0,0,0
5,Vilbrekin/tinc_gui,https://github.com/Vilbrekin/tinc_gui,repositories/tinc_gui,81,1118,2,0,0,0,0
3,adrian/upm-android,https://github.com/adrian/upm-android,repositories/upm-android,132,4384,2,3,1,5,0
1,mafrosis/Wake-On-Lan,https://github.com/mafrosis/Wake-On-Lan,repositories/Wake-On-Lan,129,1089,1,0,0,1,0
1,MiCode/FileExplorer,https://github.com/MiCode/FileExplorer,repositories/FileExplorer,53,8281,9,3,1,2,0
2,ambrice/timesheet,https://github.com/ambrice/timesheet,repositories/timesheet,45,1764,2,1,0,0,0
1,daryldy/Heart,https://github.com/daryldy/Heart,repositories/Heart,106,1244,2,0,0,0,0
4,onyxbits/pocketbandit,https://github.com/onyxbits/pocketbandit,repositories/pocketbandit,81,1669,1,1,0,0,0
7,thialfihar/apg,https://github.com/thialfihar/apg,repositories/apg,4367,41564,27,46,5,6,0
11,cernekee/ics-openconnect,https://github.com/cernekee/ics-openconnect,repositories/ics-openconnect,1004,9525,9,1,1,3,0
9,raphaelm/opacclient,https://github.com/raphaelm/opacclient,repositories/opacclient,3815,37039,37,51,11,21,0
8,cgeo/c-geo-opensource,https://github.com/cgeo/c-geo-opensource,repositories/c-geo-opensource,11220,79318,74,35,14,11,6
3,inguin/moneybalance,https://github.com/inguin/moneybalance,repositories/moneybalance,72,2859,4,1,0,2,0
4,mannd/epmobile,https://github.com/mannd/epmobile,repositories/epmobile,689,9759,10,1,0,0,2
3,phw/PicardBarcodeScanner,https://github.com/phw/PicardBarcodeScanner,repositories/PicardBarcodeScanner,44,891,1,0,0,1,0
4,manmal/hn-android,https://github.com/manmal/hn-android,repositories/hn-android,306,4037,3,1,0,0,0
1,ParanoidAndroid/android_packages_apps_ParanoidWallpapers,https://github.com/ParanoidAndroid/android_packages_apps_ParanoidWallpapers,repositories/android_packages_apps_ParanoidWallpapers,35,289,0,0,0,0,0
9,romannurik/muzei,https://github.com/romannurik/muzei,repositories/muzei,1862,4360,8,5,1,1,0
2,MohammadAdib/RoundR,https://github.com/MohammadAdib/RoundR,repositories/RoundR,45,1941,1,1,1,1,0
3,eleybourn/Book-Catalogue,https://github.com/eleybourn/Book-Catalogue,repositories/Book-Catalogue,1326,41599,36,35,11,3,0
5,ebraminio/DroidPersianCalendar,https://github.com/ebraminio/DroidPersianCalendar,repositories/DroidPersianCalendar,2024,11213,9,7,2,2,2
3,azapps/mirakel-dashclock,https://github.com/azapps/mirakel-dashclock,repositories/mirakel-dashclock,51,532,0,1,1,0,0
5,dmfs/tasks,https://github.com/dmfs/tasks,repositories/tasks,734,28412,21,14,2,4,0
2,mobilepearls/com.mobilepearls.sokoban,https://github.com/mobilepearls/com.mobilepearls.sokoban,repositories/com.mobilepearls.sokoban,14,9816,0,0,1,0,0
3,SimonMarquis/Android-PreferencesManager,https://github.com/SimonMarquis/Android-PreferencesManager,repositories/Android-PreferencesManager,196,4235,9,0,0,0,0
9,jackpal/Android-Terminal-Emulator,https://github.com/jackpal/Android-Terminal-Emulator,repositories/Android-Terminal-Emulator,1038,11508,12,14,3,1,4
9,AnySoftKeyboard/AnySoftKeyboard,https://github.com/AnySoftKeyboard/AnySoftKeyboard,repositories/AnySoftKeyboard,4274,42629,55,12,2,1,13
6,asksven/BetterWifiOnOff,https://github.com/asksven/BetterWifiOnOff,repositories/BetterWifiOnOff,286,4799,0,7,0,1,0
3,adrian-bl/bl-battstatus-android,https://github.com/adrian-bl/bl-battstatus-android,repositories/bl-battstatus-android,117,478,1,0,0,0,0
3,nolanlawson/Catlog,https://github.com/nolanlawson/Catlog,repositories/Catlog,347,5667,6,1,1,4,0
2,uberspot/DebianDroid,https://github.com/uberspot/DebianDroid,repositories/DebianDroid,153,3701,1,0,0,2,0
8,f2prateek/Device-Frame-Generator,https://github.com/f2prateek/Device-Frame-Generator,repositories/Device-Frame-Generator,396,3442,5,1,0,0,2
1,kibab/encpasschanger,https://github.com/kibab/encpasschanger,repositories/encpasschanger,11,313,0,0,0,0,0
1,namsor/gendreapp,https://github.com/namsor/gendreapp,repositories/gendreapp,38,4833,2,4,3,6,0
4,nolanlawson/KeepScore,https://github.com/nolanlawson/KeepScore,repositories/KeepScore,520,10879,11,2,2,7,2
2,msemm/Keypad-Mapper-3,https://github.com/msemm/Keypad-Mapper-3,repositories/Keypad-Mapper-3,5,32522,36,19,13,11,1
1,hauckwill/linconnect-client,https://github.com/hauckwill/linconnect-client,repositories/linconnect-client,17,819,0,2,0,0,0
2,onyxbits/listmyaps,https://github.com/onyxbits/listmyaps,repositories/listmyaps,112,1240,1,1,0,2,0
5,dschuermann/ntp-sync,https://github.com/dschuermann/ntp-sync,repositories/ntp-sync,124,8173,10,5,0,5,0
7,eolwral/OSMonitor,https://github.com/eolwral/OSMonitor,repositories/OSMonitor,353,7845,27,7,2,0,4
6,jberkel/sms-backup-plus,https://github.com/jberkel/sms-backup-plus,repositories/sms-backup-plus,1715,11152,18,0,0,3,2
8,momodalo/vimtouch,https://github.com/momodalo/vimtouch,repositories/vimtouch,363,10218,11,7,4,0,3
4,Yubico/yubioath-android,https://github.com/Yubico/yubioath-android,repositories/yubioath-android,357,10218,0,0,0,0,0
1,jarofgreen/Just-A-Damn-Compass,https://github.com/jarofgreen/Just-A-Damn-Compass,repositories/Just-A-Damn-Compass,6,123,0,0,0,0,0
4,nguillaumin/osmtracker-android,https://github.com/nguillaumin/osmtracker-android,repositories/osmtracker-android,432,7093,6,4,0,0,0
5,Shahul3D/IndiaSatelliteWeather,https://github.com/Shahul3D/IndiaSatelliteWeather,repositories/IndiaSatelliteWeather,215,5170,4,4,3,2,0
5,iFixit/iFixitAndroid,https://github.com/iFixit/iFixitAndroid,repositories/iFixitAndroid,2630,21037,22,5,1,6,0
4,grote/Liberario,https://github.com/grote/Liberario,repositories/Liberario,1119,4922,6,0,0,2,1
4,daj/flashback,https://github.com/daj/flashback,repositories/flashback,19,634,1,3,0,0,0
6,k9mail/k-9,https://github.com/k9mail/k-9,repositories/k-9,8089,92374,136,44,17,13,6
2,joanpuigsanz/servdroid,https://github.com/joanpuigsanz/servdroid,repositories/servdroid,70,5154,9,3,0,0,0
6,ubergeek42/weechat-android,https://github.com/ubergeek42/weechat-android,repositories/weechat-android,893,9689,19,1,0,2,0
6,TKJElectronics/BalanduinoAndroidApp,https://github.com/TKJElectronics/BalanduinoAndroidApp,repositories/BalanduinoAndroidApp,376,2743,1,4,0,1,0
1,withad/Mandelbrot-Maps-on-Android,https://github.com/withad/Mandelbrot-Maps-on-Android,repositories/Mandelbrot-Maps-on-Android,352,1887,2,0,0,1,1
2,nolanlawson/JapaneseNameConverterRoot,https://github.com/nolanlawson/JapaneseNameConverterRoot,repositories/JapaneseNameConverterRoot,9,4504,3,3,0,5,0
2,ShaneQful/Jupiter-Broadcasting-Android-App,https://github.com/ShaneQful/Jupiter-Broadcasting-Android-App,repositories/Jupiter-Broadcasting-Android-App,42,369,0,0,0,0,0
4,veken0m/bitcoinium,https://github.com/veken0m/bitcoinium,repositories/bitcoinium,518,8514,6,6,0,15,1
5,codinguser/gnucash-android,https://github.com/codinguser/gnucash-android,repositories/gnucash-android,1728,27708,30,11,3,1,0
9,mtotschnig/MyExpenses,https://github.com/mtotschnig/MyExpenses,repositories/MyExpenses,6943,67563,74,33,6,10,1
1,bagilevi/android-pedometer,https://github.com/bagilevi/android-pedometer,repositories/android-pedometer,68,1672,3,0,0,0,0
1,ghackett/AppAlarm,https://github.com/ghackett/AppAlarm,repositories/AppAlarm,8,4189,3,1,1,0,0
1,ralphleon/TeaTimer,https://github.com/ralphleon/TeaTimer,repositories/TeaTimer,71,993,1,0,0,0,0
2,wdkapps/FillUp,https://github.com/wdkapps/FillUp,repositories/FillUp,15,6385,5,0,0,2,0
4,nikclayton/android-squeezer,https://github.com/nikclayton/android-squeezer,repositories/android-squeezer,1412,20551,25,10,3,13,0
4,MiCode/SoundRecorder,https://github.com/MiCode/SoundRecorder,repositories/SoundRecorder,80,1194,1,0,0,0,0
3,daneren2005/Subsonic,https://github.com/daneren2005/Subsonic,repositories/Subsonic,3834,37939,30,22,8,22,1
4,billthefarmer/accordion,https://github.com/billthefarmer/accordion,repositories/accordion,94,894,1,0,1,0,0
6,micwallace/reddinator,https://github.com/micwallace/reddinator,repositories/reddinator,357,13051,12,11,2,1,0
2,ghisguth/blurred-lines-live,https://github.com/ghisguth/blurred-lines-live,repositories/blurred-lines-live,19,1815,3,1,0,0,0
1,PuZZleDucK/Orbital-Live-Wallpaper,https://github.com/PuZZleDucK/Orbital-Live-Wallpaper,repositories/Orbital-Live-Wallpaper,100,652,1,1,0,0,0
5,netmackan/ATimeTracker,https://github.com/netmackan/ATimeTracker,repositories/ATimeTracker,132,2673,4,1,1,0,0
5,dschuermann/birthday-adapter,https://github.com/dschuermann/birthday-adapter,repositories/birthday-adapter,244,2288,1,2,0,1,0
4,maxpower47/PinDroid,https://github.com/maxpower47/PinDroid,repositories/PinDroid,941,7680,8,0,0,5,1
1,tinkerlog/PongTime,https://github.com/tinkerlog/PongTime,repositories/PongTime,9,513,1,0,0,0,0
11,sismics/reader,https://github.com/sismics/reader,repositories/reader,689,17780,6,10,0,36,2
2,onyxbits/remotekeyboard,https://github.com/onyxbits/remotekeyboard,repositories/remotekeyboard,93,5371,9,5,1,3,0
383,chibibi/simpleDeadlines,https://github.com/chibibi/simpleDeadlines,repositories/simpleDeadlines,191,5371,0,1,0,0,0
4,uberspot/2048-android,https://github.com/uberspot/2048-android,repositories/2048-android,80,127,0,0,0,0,0
4,scoutant/blokish,https://github.com/scoutant/blokish,repositories/blokish,100,2343,5,0,0,0,0
5,tsapree/L9Droid,https://github.com/tsapree/L9Droid,repositories/L9Droid,317,7102,5,9,3,1,2
11,ukanth/afwall,https://github.com/ukanth/afwall,repositories/afwall,1474,20893,15,25,4,6,0
4,yuriykulikov/AlarmClock,https://github.com/yuriykulikov/AlarmClock,repositories/AlarmClock,1622,5121,6,1,0,1,0
4,ilijamt/android-adbm,https://github.com/ilijamt/android-adbm,repositories/android-adbm,143,3292,4,2,2,1,0
4,phw/Android-PwdHash,https://github.com/phw/Android-PwdHash,repositories/Android-PwdHash,147,791,1,0,0,0,0
2,Sash0k/bluetooth-spp-terminal,https://github.com/Sash0k/bluetooth-spp-terminal,repositories/bluetooth-spp-terminal,32,1109,1,0,0,1,0
4,felixb/callmeter,https://github.com/felixb/callmeter,repositories/callmeter,2289,13670,6,17,5,0,0
3,kaytdek/ColorNamer,https://github.com/kaytdek/ColorNamer,repositories/ColorNamer,47,1547,2,0,0,0,0
1,MiCode/Compass,https://github.com/MiCode/Compass,repositories/Compass,4,333,0,0,0,0,0
6,dschuermann/faster-gps,https://github.com/dschuermann/faster-gps,repositories/faster-gps,105,1838,4,1,0,0,0
2,jakebasile/hearing-saver,https://github.com/jakebasile/hearing-saver,repositories/hearing-saver,76,536,0,1,0,0,0
6,ikarus23/MifareClassicTool,https://github.com/ikarus23/MifareClassicTool,repositories/MifareClassicTool,640,6044,6,8,3,0,0
5,fixme-lausanne/MyHackerspace,https://github.com/fixme-lausanne/MyHackerspace,repositories/MyHackerspace,407,2092,1,3,0,0,0
2,hrk/no-frills-cpu-classic,https://github.com/hrk/no-frills-cpu-classic,repositories/no-frills-cpu-classic,38,1997,0,2,0,0,0
3,lkorth/screen-notifications,https://github.com/lkorth/screen-notifications,repositories/screen-notifications,242,2475,3,0,0,2,0
1,project-voodoo/simple_carrieriq_detector_app,https://github.com/project-voodoo/simple_carrieriq_detector_app,repositories/simple_carrieriq_detector_app,48,503,1,0,0,0,0
3,robert7k/sipswitch,https://github.com/robert7k/sipswitch,repositories/sipswitch,73,242,0,0,0,0,0
4,tananaev/traccar-client-android,https://github.com/tananaev/traccar-client-android,repositories/traccar-client-android,334,1398,2,0,0,1,0
3,Softcatala/TraductorSoftcatalaAndroid,https://github.com/Softcatala/TraductorSoftcatalaAndroid,repositories/TraductorSoftcatalaAndroid,127,1315,3,0,0,0,0
3,pilot51/voicenotify,https://github.com/pilot51/voicenotify,repositories/voicenotify,189,2085,1,1,0,0,0
1,rahulaga/WorldClock,https://github.com/rahulaga/WorldClock,repositories/WorldClock,30,1436,0,0,0,0,0
10,restorer/Gloomy-Dungeons-3D,https://github.com/restorer/Gloomy-Dungeons-3D,repositories/Gloomy-Dungeons-3D,55,10136,10,16,3,4,1
1,vocollapse/Blockinger,https://github.com/vocollapse/Blockinger,repositories/Blockinger,75,4064,5,3,0,1,0
1,uberspot/AnagramSolver,https://github.com/uberspot/AnagramSolver,repositories/AnagramSolver,50,745,0,0,0,0,0
2,geometer/FBReaderJ-plugin-local-opds-scanner,https://github.com/geometer/FBReaderJ-plugin-local-opds-scanner,repositories/FBReaderJ-plugin-local-opds-scanner,13,1162,1,0,0,1,0
5,szym/barnacle,https://github.com/szym/barnacle,repositories/barnacle,7,1746,2,1,0,0,0
3,rigid/Birthdroid,https://github.com/rigid/Birthdroid,repositories/Birthdroid,63,792,0,2,0,0,0
6,anthonycr/Lightning-Browser,https://github.com/anthonycr/Lightning-Browser,repositories/Lightning-Browser,1874,5037,6,3,1,2,0
5,guardianproject/orweb,https://github.com/guardianproject/orweb,repositories/orweb,157,4169,2,3,2,1,0
3,firetech/PactrackDroid,https://github.com/firetech/PactrackDroid,repositories/PactrackDroid,187,2507,3,1,0,0,0
5,redsolution/xabber-android,https://github.com/redsolution/xabber-android,repositories/xabber-android,3139,54634,52,22,5,44,20
5,TCA-Team/TumCampusApp,https://github.com/TCA-Team/TumCampusApp,repositories/TumCampusApp,2481,13771,14,1,0,1,0
1,ge0rg/gamemasterdice,https://github.com/ge0rg/gamemasterdice,repositories/gamemasterdice,58,777,1,0,0,0,0
2,Xlythe/MinecraftClock,https://github.com/Xlythe/MinecraftClock,repositories/MinecraftClock,8,484,1,0,0,0,0
5,GiorgioRegni/Binaural-Beats,https://github.com/GiorgioRegni/Binaural-Beats,repositories/Binaural-Beats,119,4922,3,3,1,2,3
4,mehmetakiftutuncu/eshotroid,https://github.com/mehmetakiftutuncu/eshotroid,repositories/eshotroid,21,1865,1,0,0,2,0
7,osmandapp/Osmand,https://github.com/osmandapp/Osmand,repositories/Osmand,52128,296151,385,194,99,95,31
3,jpeddicord/speedofsound,https://github.com/jpeddicord/speedofsound,repositories/speedofsound,232,296151,0,0,0,0,0
424,adrian-bl/vanilla,https://github.com/adrian-bl/vanilla,repositories/vanilla,2,296151,0,0,0,0,0
1,JesusFreke/Penroser,https://github.com/JesusFreke/Penroser,repositories/Penroser,147,4344,1,1,0,1,0
9,jruesga/PhotoPhase,https://github.com/jruesga/PhotoPhase,repositories/PhotoPhase,557,18717,11,6,2,1,0
5,vomitcuddle/nori,https://github.com/vomitcuddle/nori,repositories/nori,561,6726,6,0,1,2,0
3,BrandroidTools/OpenExplorer,https://github.com/BrandroidTools/OpenExplorer,repositories/OpenExplorer,1669,130565,133,120,28,27,3
1,sudowars/sudowars,https://github.com/sudowars/sudowars,repositories/sudowars,120,9575,12,6,0,3,0
8,andstatus/andstatus,https://github.com/andstatus/andstatus,repositories/andstatus,2071,58013,65,11,2,4,1
12,wordpress-mobile/WordPress-Android,https://github.com/wordpress-mobile/WordPress-Android,repositories/WordPress-Android,32866,117623,154,43,17,2,3
1,YerayAlonso/LligaIntermunicipal,https://github.com/YerayAlonso/LligaIntermunicipal,repositories/LligaIntermunicipal,11,741,1,0,0,2,1
8,jecelyin/920-Text-Editor,https://github.com/jecelyin/920-Text-Editor,repositories/920-Text-Editor,20,22225,14,30,7,2,16
1,nexes/Android-File-Manager,https://github.com/nexes/Android-File-Manager,repositories/Android-File-Manager,100,2691,3,6,0,0,0
2,fmetzger/android-sensorium,https://github.com/fmetzger/android-sensorium,repositories/android-sensorium,218,3916,1,2,0,2,0
1,ksksue/Android-USB-Serial-Monitor-Lite,https://github.com/ksksue/Android-USB-Serial-Monitor-Lite,repositories/Android-USB-Serial-Monitor-Lite,50,1075,1,2,0,0,0
3,litrik/be.norio.randomapp,https://github.com/litrik/be.norio.randomapp,repositories/be.norio.randomapp,6,200,0,0,0,0,0
1,tillwoerner/BrightnessWidget,https://github.com/tillwoerner/BrightnessWidget,repositories/BrightnessWidget,17,1366,1,1,0,0,0
1,jochem88/clean-calculator,https://github.com/jochem88/clean-calculator,repositories/clean-calculator,22,1501,1,4,0,0,0
5,pejic/EasyDice,https://github.com/pejic/EasyDice,repositories/EasyDice,131,1593,3,0,0,0,0
3,herrlado/GeorgianFonts,https://github.com/herrlado/GeorgianFonts,repositories/GeorgianFonts,28,771,2,0,0,0,0
1,borneq/HereGPSLocation,https://github.com/borneq/HereGPSLocation,repositories/HereGPSLocation,24,143,0,0,0,0,0
3,mtotschnig/SendWithFtp,https://github.com/mtotschnig/SendWithFtp,repositories/SendWithFtp,74,794,1,0,0,0,0
2,onyxbits/sensorreadout,https://github.com/onyxbits/sensorreadout,repositories/sensorreadout,92,6009,3,2,1,0,6
2,Buttink/sick-stache,https://github.com/Buttink/sick-stache,repositories/sick-stache,101,5777,5,2,0,4,0
5,koush/Superuser,https://github.com/koush/Superuser,repositories/Superuser,653,2820,1,3,0,0,0
6,wiglenet/wigle-wifi-wardriving,https://github.com/wiglenet/wigle-wifi-wardriving,repositories/wigle-wifi-wardriving,1407,24169,30,19,3,8,3
5,sozialhelden/wheelmap-android,https://github.com/sozialhelden/wheelmap-android,repositories/wheelmap-android,2008,24887,23,10,1,20,1
2,MazeChaZer/WoT-Tank-Quiz,https://github.com/MazeChaZer/WoT-Tank-Quiz,repositories/WoT-Tank-Quiz,61,543,0,1,0,0,0
2,john-tornblom/TVHGuide,https://github.com/john-tornblom/TVHGuide,repositories/TVHGuide,364,4404,6,1,0,0,0
3,dozingcat/Vector-Pinball,https://github.com/dozingcat/Vector-Pinball,repositories/Vector-Pinball,127,5071,13,0,0,2,0
2,geometer/FBReaderJ-plugin-tts,https://github.com/geometer/FBReaderJ-plugin-tts,repositories/FBReaderJ-plugin-tts,49,1170,2,0,0,1,0
4,gregko/TtsPlus-FBReader,https://github.com/gregko/TtsPlus-FBReader,repositories/TtsPlus-FBReader,137,4143,4,2,1,0,0
2,robotmedia/droid-comic-viewer,https://github.com/robotmedia/droid-comic-viewer,repositories/droid-comic-viewer,75,16195,13,15,4,20,0
1,softgearko/MultiPing-for-Android,https://github.com/softgearko/MultiPing-for-Android,repositories/MultiPing-for-Android,16,460,1,0,0,0,0
1,Anasthase/TintBrowserAdblockAddon,https://github.com/Anasthase/TintBrowserAdblockAddon,repositories/TintBrowserAdblockAddon,22,486,2,0,0,0,0
5,pocmo/Yaaic,https://github.com/pocmo/Yaaic,repositories/Yaaic,1066,8222,8,4,2,5,0
4,ge0rg/yaxim,https://github.com/ge0rg/yaxim,repositories/yaxim,1256,9531,11,7,2,3,3
8,liato/android-bankdroid,https://github.com/liato/android-bankdroid,repositories/android-bankdroid,1325,17264,7,4,1,11,2
3,niteshpatel/ministocks,https://github.com/niteshpatel/ministocks,repositories/ministocks,253,5079,7,2,0,3,0
1,mboesling/HydroMemo,https://github.com/mboesling/HydroMemo,repositories/HydroMemo,13,486,0,0,0,0,0
7,zxing/zxing,https://github.com/zxing/zxing,repositories/zxing,3480,43717,27,20,0,18,9
4,bherrmann7/Car-Cast,https://github.com/bherrmann7/Car-Cast,repositories/Car-Cast,274,8760,9,6,3,3,0
4,billthefarmer/melodeon,https://github.com/billthefarmer/melodeon,repositories/melodeon,64,739,1,0,0,0,0
3,tobykurien/GoogleNews,https://github.com/tobykurien/GoogleNews,repositories/GoogleNews,90,547,0,0,0,0,0
4,SimonMarquis/Android-SecretCodes,https://github.com/SimonMarquis/Android-SecretCodes,repositories/Android-SecretCodes,75,524,0,0,0,0,0
1,marin-liovic/Fast-Brightness-Control-Widget,https://github.com/marin-liovic/Fast-Brightness-Control-Widget,repositories/Fast-Brightness-Control-Widget,14,247,0,0,0,1,0
2,lllllT/MultiPictureLiveWallpaper,https://github.com/lllllT/MultiPictureLiveWallpaper,repositories/MultiPictureLiveWallpaper,250,7327,5,14,1,3,1
4,dozingcat/AsciiCam,https://github.com/dozingcat/AsciiCam,repositories/AsciiCam,54,2597,3,1,0,2,4
1,lightbox/QuickSnap,https://github.com/lightbox/QuickSnap,repositories/QuickSnap,6,9236,6,1,1,0,0
1,duncanje/android-open-wifi-network-remover,https://github.com/duncanje/android-open-wifi-network-remover,repositories/android-open-wifi-network-remover,114,481,1,0,0,0,0
3,acl33/AndroidDasher,https://github.com/acl33/AndroidDasher,repositories/AndroidDasher,329,8342,18,7,1,1,0
7,MirakelX/mirakel-android,https://github.com/MirakelX/mirakel-android,repositories/mirakel-android,3722,47554,45,27,7,13,10
3,sukso96100/SidePanel,https://github.com/sukso96100/SidePanel,repositories/SidePanel,66,24212,29,11,14,3,0
1,paulmach/Text-Edit-for-Android,https://github.com/paulmach/Text-Edit-for-Android,repositories/Text-Edit-for-Android,10,2195,1,5,1,0,0
4,jamienicol/episodes,https://github.com/jamienicol/episodes,repositories/episodes,264,4238,2,2,0,3,0
4,velazcod/Tinfoil-Facebook,https://github.com/velazcod/Tinfoil-Facebook,repositories/Tinfoil-Facebook,308,1601,2,0,0,0,0
1,moparisthebest/AppBak,https://github.com/moparisthebest/AppBak,repositories/AppBak,2,2103,1,2,1,0,0
4,lllllT/AtmosphereLogger,https://github.com/lllllT/AtmosphereLogger,repositories/AtmosphereLogger,65,1576,1,1,0,1,0
3,guardianproject/cacert,https://github.com/guardianproject/cacert,repositories/cacert,74,670,1,0,0,0,0
2,Smerty/ham.android,https://github.com/Smerty/ham.android,repositories/ham.android,87,2080,1,2,0,5,0
3,abcdjdj/RootVerifier-APP,https://github.com/abcdjdj/RootVerifier-APP,repositories/RootVerifier-APP,94,348,0,0,0,0,0
7,sheimi/SGit,https://github.com/sheimi/SGit,repositories/SGit,401,8535,6,0,0,0,0
5,vmihalachi/turbo-editor,https://github.com/vmihalachi/turbo-editor,repositories/turbo-editor,80,8554,7,2,2,1,0
4,j4velin/WiFi-Auto-Off,https://github.com/j4velin/WiFi-Auto-Off,repositories/WiFi-Auto-Off,246,2284,1,3,0,0,2
1,hmrocha/wifiwidget,https://github.com/hmrocha/wifiwidget,repositories/wifiwidget,3,148,0,0,0,0,0
1,Chluverman/android-gltron,https://github.com/Chluverman/android-gltron,repositories/android-gltron,15,3986,4,3,0,0,0
1,niparasc/papanikolis-submarine,https://github.com/niparasc/papanikolis-submarine,repositories/papanikolis-submarine,12,2775,5,2,0,6,0
3,TomTasche/OpenDocument.droid,https://github.com/TomTasche/OpenDocument.droid,repositories/OpenDocument.droid,251,3817,5,3,0,2,0
5,balesz/android-WebSearch,https://github.com/balesz/android-WebSearch,repositories/android-WebSearch,134,1418,1,0,0,0,0
8,guardianproject/Gibberbot,https://github.com/guardianproject/Gibberbot,repositories/Gibberbot,2909,36865,45,36,9,8,3
3,mateusz-szafraniec/NFCTagmaker,https://github.com/mateusz-szafraniec/NFCTagmaker,repositories/NFCTagmaker,55,1658,1,1,0,0,0
1,Anasthase/TintBrowser,https://github.com/Anasthase/TintBrowser,repositories/TintBrowser,242,13698,18,11,1,0,0
5,rorist/Cowsay-android,https://github.com/rorist/Cowsay-android,repositories/Cowsay-android,158,420,0,0,0,0,0
1,F0x06/EddyMalou,https://github.com/F0x06/EddyMalou,repositories/EddyMalou,6,269,0,1,0,0,0
4,gsingh93/hacker-live-wallpaper,https://github.com/gsingh93/hacker-live-wallpaper,repositories/hacker-live-wallpaper,87,2287,4,0,0,0,0
4,schildbach/bitcoin-wallet,https://github.com/schildbach/bitcoin-wallet,repositories/bitcoin-wallet,3216,18091,18,8,1,12,0
4,notriddle/budget-envelopes,https://github.com/notriddle/budget-envelopes,repositories/budget-envelopes,195,4524,8,1,0,1,1
1,mancio/Volume-Control,https://github.com/mancio/Volume-Control,repositories/Volume-Control,3,261,0,1,0,0,0
1,shakalaca/BeautyClockLiveWallpaper,https://github.com/shakalaca/BeautyClockLiveWallpaper,repositories/BeautyClockLiveWallpaper,98,1887,4,0,0,0,0
1,umanx/DashNotifier,https://github.com/umanx/DashNotifier,repositories/DashNotifier,18,3694,1,4,0,2,0
1,AChep/JellyBeanClock,https://github.com/AChep/JellyBeanClock,repositories/JellyBeanClock,10,233,0,0,0,0,0
2,msal/muzei-nationalgeographic,https://github.com/msal/muzei-nationalgeographic,repositories/muzei-nationalgeographic,53,737,0,0,0,5,0
1,rjmarsan/Pixelesque,https://github.com/rjmarsan/Pixelesque,repositories/Pixelesque,31,4330,3,1,0,3,0
1,hsaito/hstempo_android,https://github.com/hsaito/hstempo_android,repositories/hstempo_android,46,295,0,0,0,0,0
11,dschuermann/document-viewer,https://github.com/dschuermann/document-viewer,repositories/document-viewer,1752,44206,47,19,3,17,1
3,dschuermann/standalone-calendar,https://github.com/dschuermann/standalone-calendar,repositories/standalone-calendar,5400,34133,31,38,11,5,7
3,StanLivitski/n-puzzle,https://github.com/StanLivitski/n-puzzle,repositories/n-puzzle,7,2676,5,0,0,2,0
3,onyxbits/TextFiction,https://github.com/onyxbits/TextFiction,repositories/TextFiction,124,6448,8,5,1,4,0
3,AnimaSA/Atarashii,https://github.com/AnimaSA/Atarashii,repositories/Atarashii,2325,15278,14,4,1,4,0
1,loadrunner/Facebook-Contact-Sync,https://github.com/loadrunner/Facebook-Contact-Sync,repositories/Facebook-Contact-Sync,154,4286,4,2,1,0,0
2,kromonos/Mustard-Mod,https://github.com/kromonos/Mustard-Mod,repositories/Mustard-Mod,59,14142,8,5,3,15,1
1,MohammadAG/android-file-beam,https://github.com/MohammadAG/android-file-beam,repositories/android-file-beam,5,461,1,0,0,0,0
4,scar45/aokp-co-webviewer,https://github.com/scar45/aokp-co-webviewer,repositories/aokp-co-webviewer,20,224,0,0,0,0,0
1,hmrocha/batterywidget,https://github.com/hmrocha/batterywidget,repositories/batterywidget,31,239,0,0,0,0,0
4,zaren678/Hdhomerun-signal-meter,https://github.com/zaren678/Hdhomerun-signal-meter,repositories/Hdhomerun-signal-meter,41,1087,2,1,0,0,0
1,mborjesson/LG-Optimus-2X-Black-Notifications,https://github.com/mborjesson/LG-Optimus-2X-Black-Notifications,repositories/LG-Optimus-2X-Black-Notifications,69,4835,2,6,2,0,0
7,Mobiperf/MobiPerf,https://github.com/Mobiperf/MobiPerf,repositories/MobiPerf,814,9254,5,7,2,6,1
2,SpazeDog/mounts2sd,https://github.com/SpazeDog/mounts2sd,repositories/mounts2sd,128,3618,4,6,0,0,0
2,felixb/otpdroid,https://github.com/felixb/otpdroid,repositories/otpdroid,54,1155,1,1,0,0,0
4,mvglasow/satstat,https://github.com/mvglasow/satstat,repositories/satstat,526,9023,8,5,0,11,1
3,cprados/wifimatic-android,https://github.com/cprados/wifimatic-android,repositories/wifimatic-android,20,4686,4,1,1,0,0
10,mendhak/gpslogger,https://github.com/mendhak/gpslogger,repositories/gpslogger,1429,13078,8,7,3,2,4
3,NightWhistler/PageTurner,https://github.com/NightWhistler/PageTurner,repositories/PageTurner,1262,14769,14,5,3,13,0
4,HoloAddict/FeedEx,https://github.com/HoloAddict/FeedEx,repositories/FeedEx,1305,493,1,1,0,0,0
1,Kent1/Manille,https://github.com/Kent1/Manille,repositories/Manille,101,831,0,1,0,2,0
3,felixb/smsdroid,https://github.com/felixb/smsdroid,repositories/smsdroid,844,4703,2,5,0,0,0
12,ushahidi/SMSSync,https://github.com/ushahidi/SMSSync,repositories/SMSSync,1816,20821,31,1,0,14,2
3,wrr/speech_trainer,https://github.com/wrr/speech_trainer,repositories/speech_trainer,31,2318,4,0,0,1,0
2,cr5315/countdown-for-dashclock,https://github.com/cr5315/countdown-for-dashclock,repositories/countdown-for-dashclock,12,746,1,0,0,0,0
3,dozingcat/CamTimer,https://github.com/dozingcat/CamTimer,repositories/CamTimer,18,1518,4,0,0,0,0
1,dsoulayrol/android-sholi,https://github.com/dsoulayrol/android-sholi,repositories/android-sholi,67,1351,1,0,0,1,0
5,edsonduarte1990/reminders,https://github.com/edsonduarte1990/reminders,repositories/reminders,102,573,0,0,0,1,0
1,dpadgett/Timer,https://github.com/dpadgett/Timer,repositories/Timer,189,3931,2,3,1,1,0
1,chrispbailey/ToDo-List-Widget,https://github.com/chrispbailey/ToDo-List-Widget,repositories/ToDo-List-Widget,134,2637,2,2,0,0,0
1,brosmike/AirPush-Detector,https://github.com/brosmike/AirPush-Detector,repositories/AirPush-Detector,26,550,1,0,0,0,0
1,tasermonkey/android-passwordmaker,https://github.com/tasermonkey/android-passwordmaker,repositories/android-passwordmaker,37,3123,5,2,0,1,0
5,tstein/AndroSS,https://github.com/tstein/AndroSS,repositories/AndroSS,159,1120,1,3,0,0,0
5,janosgyerik/bluetoothviewer,https://github.com/janosgyerik/bluetoothviewer,repositories/bluetoothviewer,232,1351,1,0,0,0,0
3,wanleung/ChangjieIME,https://github.com/wanleung/ChangjieIME,repositories/ChangjieIME,14,981,1,0,0,0,0
1,easytiger/dotty,https://github.com/easytiger/dotty,repositories/dotty,2,223,0,0,0,1,0
1,project-voodoo/ota-rootkeeper-app,https://github.com/project-voodoo/ota-rootkeeper-app,repositories/ota-rootkeeper-app,57,541,0,0,0,0,0
2,jerickson314/sdscanner,https://github.com/jerickson314/sdscanner,repositories/sdscanner,39,590,2,0,0,0,0
4,alt236/USB-Device-Info---Android,https://github.com/alt236/USB-Device-Info---Android,repositories/USB-Device-Info---Android,68,2745,1,0,0,1,0
2,onyxbits/geobookmark,https://github.com/onyxbits/geobookmark,repositories/geobookmark,14,183,0,0,0,0,0
4,mdecorde/BAC76,https://github.com/mdecorde/BAC76,repositories/BAC76,16,624,1,0,0,0,0
3,trishika/DroidUPnP,https://github.com/trishika/DroidUPnP,repositories/DroidUPnP,225,6369,6,2,1,3,0
5,intervigilium/MicDroid,https://github.com/intervigilium/MicDroid,repositories/MicDroid,77,2332,2,0,0,0,0
1,mateuszbuda/ThermometerExtended2,https://github.com/mateuszbuda/ThermometerExtended2,repositories/ThermometerExtended2,50,3006,2,0,0,1,0
4,xenris/liquid-wars-android,https://github.com/xenris/liquid-wars-android,repositories/liquid-wars-android,28,2398,6,0,0,0,0
1,jfreax/OpenLaw,https://github.com/jfreax/OpenLaw,repositories/OpenLaw,333,4259,2,2,1,4,0
1,DizzyThermal/Auto-Away,https://github.com/DizzyThermal/Auto-Away,repositories/Auto-Away,15,2950,6,4,0,5,0
4,guardianproject/PixelKnot,https://github.com/guardianproject/PixelKnot,repositories/PixelKnot,160,4384,2,1,1,1,1
1,awaken/sanity,https://github.com/awaken/sanity,repositories/sanity,45,8761,19,1,0,0,0
1,NewProggie/SparkleShare-Android,https://github.com/NewProggie/SparkleShare-Android,repositories/SparkleShare-Android,201,2117,1,0,0,1,0
2,johnnylambada/WorldMap,https://github.com/johnnylambada/WorldMap,repositories/WorldMap,115,932,1,0,0,0,0
3,banasiak/CoinFlip,https://github.com/banasiak/CoinFlip,repositories/CoinFlip,118,1887,1,1,0,0,1
4,prismsw/Lampshade,https://github.com/prismsw/Lampshade,repositories/Lampshade,236,2809,4,0,0,3,0
5,teamOSC/SubtleNews_Android_App,https://github.com/teamOSC/SubtleNews_Android_App,repositories/SubtleNews_Android_App,103,1230,1,1,0,0,0
4,budowski/budoist,https://github.com/budowski/budoist,repositories/budoist,43,11400,11,12,2,2,0
1,weisserd/LDAP-Sync,https://github.com/weisserd/LDAP-Sync,repositories/LDAP-Sync,111,1432,0,0,0,2,0
6,teneighty/moss,https://github.com/teneighty/moss,repositories/moss,69,6690,4,1,0,0,0
3,yankovskiy/SilentNight,https://github.com/yankovskiy/SilentNight,repositories/SilentNight,30,1401,2,0,1,0,0
4,indrora/Atomic,https://github.com/indrora/Atomic,repositories/Atomic,1226,13921,15,14,4,2,1
4,tobykurien/BatteryFu,https://github.com/tobykurien/BatteryFu,repositories/BatteryFu,79,3498,3,3,0,0,0
6,jyio/botbrew-gui,https://github.com/jyio/botbrew-gui,repositories/botbrew-gui,135,3699,4,1,0,4,0
2,felixb/clipboard-beam,https://github.com/felixb/clipboard-beam,repositories/clipboard-beam,8,209,0,0,0,0,0
2,blaztriglav/did-i,https://github.com/blaztriglav/did-i,repositories/did-i,80,1373,0,1,0,2,0
4,palfrey/postcode,https://github.com/palfrey/postcode,repositories/postcode,94,559,0,0,0,0,0
4,pyload/pyload-android,https://github.com/pyload/pyload-android,repositories/pyload-android,108,64704,176,15,9,3,2
3,Nutomic/control-dlna,https://github.com/Nutomic/control-dlna,repositories/control-dlna,175,2610,4,0,0,1,0
6,emergentdotorg/shaman,https://github.com/emergentdotorg/shaman,repositories/shaman,37,8600,14,1,1,4,0
1,cketti/DashClock_K-9,https://github.com/cketti/DashClock_K-9,repositories/DashClock_K-9,59,819,1,0,0,0,0
1,timvdalen/gizmooi,https://github.com/timvdalen/gizmooi,repositories/gizmooi,7,258,0,0,0,1,0
1,gggard/AndroidCaldavSyncAdapater,https://github.com/gggard/AndroidCaldavSyncAdapater,repositories/AndroidCaldavSyncAdapater,121,17344,7,9,3,18,0
2,nfd/KeePassNFC,https://github.com/nfd/KeePassNFC,repositories/KeePassNFC,11,1359,2,0,0,0,0
3,matburt/mobileorg-android,https://github.com/matburt/mobileorg-android,repositories/mobileorg-android,1271,8696,7,3,0,0,0
3,losttime/cooper,https://github.com/losttime/cooper,repositories/cooper,52,1655,3,0,0,2,0
2,miracle2k/android-autostarts,https://github.com/miracle2k/android-autostarts,repositories/android-autostarts,449,5896,5,8,1,1,0
6,pires/android-obd-reader,https://github.com/pires/android-obd-reader,repositories/android-obd-reader,337,2303,1,1,0,2,0
5,rmtheis/android-ocr,https://github.com/rmtheis/android-ocr,repositories/android-ocr,115,3929,2,4,1,2,1
1,adrian-bl/APN-Switch,https://github.com/adrian-bl/APN-Switch,repositories/APN-Switch,12,375,1,0,0,0,0
4,flyingrub/SpeedMeter,https://github.com/flyingrub/SpeedMeter,repositories/SpeedMeter,95,582,1,1,0,0,0
1,mariotaku/twidere.extension.twitlonger,https://github.com/mariotaku/twidere.extension.twitlonger,repositories/twidere.extension.twitlonger,8,1099,1,0,0,1,0
5,Zanshinmu/Wifi-Fixer,https://github.com/Zanshinmu/Wifi-Fixer,repositories/Wifi-Fixer,1264,7132,8,0,1,2,0
3,freezy/android-xbmcremote,https://github.com/freezy/android-xbmcremote,repositories/android-xbmcremote,946,52641,72,12,8,4,4
1,btmura/rbb,https://github.com/btmura/rbb,repositories/rbb,2347,25074,40,3,2,5,5
3,MarcDufresne/BetterWeather,https://github.com/MarcDufresne/BetterWeather,repositories/BetterWeather,124,3909,4,3,0,1,0
6,indication/OpenRedmine,https://github.com/indication/OpenRedmine,repositories/OpenRedmine,1321,19504,24,4,0,14,0
1,MaTachi/geometri-destroyer,https://github.com/MaTachi/geometri-destroyer,repositories/geometri-destroyer,23,1393,4,1,0,1,0
3,awilliams/fish,https://github.com/awilliams/fish,repositories/fish,3,236,0,0,0,0,0
1,nathanpc/Build.prop-Editor,https://github.com/nathanpc/Build.prop-Editor,repositories/Build.prop-Editor,15,473,1,0,0,0,0
3,Nilhcem/hosts-editor-android,https://github.com/Nilhcem/hosts-editor-android,repositories/hosts-editor-android,135,1840,2,0,0,0,0
3,elek/osmgpxuploader,https://github.com/elek/osmgpxuploader,repositories/osmgpxuploader,34,1978,0,1,0,3,0
9,ShowMeHills/ShowMeHills,https://github.com/ShowMeHills/ShowMeHills,repositories/ShowMeHills,74,3820,3,2,1,0,0
3,prrt714/Kaleidoscope,https://github.com/prrt714/Kaleidoscope,repositories/Kaleidoscope,25,3180,3,1,0,0,0
1,logomancer/dashquotes-civ5,https://github.com/logomancer/dashquotes-civ5,repositories/dashquotes-civ5,22,134,0,0,0,0,0
2,onyxbits/Drudgery,https://github.com/onyxbits/Drudgery,repositories/Drudgery,15,818,1,0,0,2,0
1,amiga/sonorox,https://github.com/amiga/sonorox,repositories/sonorox,4,2931,5,4,3,0,0
10,jurihock/voicesmith,https://github.com/jurihock/voicesmith,repositories/voicesmith,158,4761,3,1,0,1,0
5,markusfisch/WaveLinesWallpaper,https://github.com/markusfisch/WaveLinesWallpaper,repositories/WaveLinesWallpaper,47,1763,4,1,0,0,0
2,voidcode/Diaspora-Webclient,https://github.com/voidcode/Diaspora-Webclient,repositories/Diaspora-Webclient,63,923,0,1,0,0,0
1,sweetiepiggy/Every-Locale,https://github.com/sweetiepiggy/Every-Locale,repositories/Every-Locale,53,255,0,0,0,0,0
7,codebutler/farebot,https://github.com/codebutler/farebot,repositories/farebot,242,10926,9,6,1,2,1
7,guardianproject/gnupg-for-android,https://github.com/guardianproject/gnupg-for-android,repositories/gnupg-for-android,782,7371,10,1,0,1,0
1,atd/HandyNotes,https://github.com/atd/HandyNotes,repositories/HandyNotes,32,243,0,0,0,0,0
6,guardianproject/lildebi,https://github.com/guardianproject/lildebi,repositories/lildebi,578,2081,2,1,0,0,0
1,nadam/nfc-reader,https://github.com/nadam/nfc-reader,repositories/nfc-reader,44,780,1,0,0,0,0
1,xenotropic/quizzn,https://github.com/xenotropic/quizzn,repositories/quizzn,4,747,0,1,0,0,0
9,chaosbastler/opentraining,https://github.com/chaosbastler/opentraining,repositories/opentraining,503,10264,5,8,0,4,0
2,telecapoland/jamendo-android,https://github.com/telecapoland/jamendo-android,repositories/jamendo-android,150,8370,7,2,0,8,0
5,thasmin/Podax,https://github.com/thasmin/Podax,repositories/Podax,885,10912,11,7,1,4,0
5,clementine-player/Android-Remote,https://github.com/clementine-player/Android-Remote,repositories/Android-Remote,748,34030,85,15,9,1,0
2,danielegobbetti/ICSImport,https://github.com/danielegobbetti/ICSImport,repositories/ICSImport,14,65,0,0,0,0,0
2,ajaapps/flightmode,https://github.com/ajaapps/flightmode,repositories/flightmode,12,103,1,0,0,0,0
1,cglapa/rights-alert,https://github.com/cglapa/rights-alert,repositories/rights-alert,40,451,0,0,0,1,0
2,zaki50/MemoPad,https://github.com/zaki50/MemoPad,repositories/MemoPad,61,1130,3,2,0,0,0
5,rtyley/agit,https://github.com/rtyley/agit,repositories/agit,894,9941,11,1,0,0,0
3,baolongnt/EmailPopup,https://github.com/baolongnt/EmailPopup,repositories/EmailPopup,75,1320,0,3,0,0,0
6,opentelecoms-org/lumicall,https://github.com/opentelecoms-org/lumicall,repositories/lumicall,905,19040,20,18,1,4,3
2,lablogga/DIYgenomics_Android,https://github.com/lablogga/DIYgenomics_Android,repositories/DIYgenomics_Android,21,2027,1,0,0,0,0
5,Kaljurand/Diktofon,https://github.com/Kaljurand/Diktofon,repositories/Diktofon,54,3846,5,0,0,0,0
7,SASAbus/SASAbus,https://github.com/SASAbus/SASAbus,repositories/SASAbus,689,20104,9,9,0,22,2
2,guardianproject/notecipher,https://github.com/guardianproject/notecipher,repositories/notecipher,190,1623,3,0,0,0,0
6,anthonydahanne/ReGalAndroid,https://github.com/anthonydahanne/ReGalAndroid,repositories/ReGalAndroid,251,9208,6,3,0,11,2
1,threedliteguy/urforms,https://github.com/threedliteguy/urforms,repositories/urforms,4,3928,1,4,0,3,0
2,nolanlawson/ChordReaderRoot,https://github.com/nolanlawson/ChordReaderRoot,repositories/ChordReaderRoot,84,3354,2,1,1,4,0
2,boombuler/piraten_map_app,https://github.com/boombuler/piraten_map_app,repositories/piraten_map_app,60,32472,78,8,16,0,0
1,soft-studio/NFC_DriversLicenseReader,https://github.com/soft-studio/NFC_DriversLicenseReader,repositories/NFC_DriversLicenseReader,5,15512,2,43,6,3,14
3,moparisthebest/PagePlusBalance,https://github.com/moparisthebest/PagePlusBalance,repositories/PagePlusBalance,8,535,0,1,0,0,0
4,tom-and-jerry/eyeCam,https://github.com/tom-and-jerry/eyeCam,repositories/eyeCam,131,2417,1,0,0,0,0
1,NightlyNexus/Color-Clock,https://github.com/NightlyNexus/Color-Clock,repositories/Color-Clock,16,451,0,0,0,0,0
4,ajlyon/zandy,https://github.com/ajlyon/zandy,repositories/zandy,314,7167,6,16,2,2,0
2,nicolas-raoul/OxygenGuide-Android,https://github.com/nicolas-raoul/OxygenGuide-Android,repositories/OxygenGuide-Android,23,215,0,0,0,0,0
1,pettarin/epub3reader,https://github.com/pettarin/epub3reader,repositories/epub3reader,51,2342,3,2,0,0,0
2,Xlythe/HexGame_Android,https://github.com/Xlythe/HexGame_Android,repositories/HexGame_Android,366,5029,6,1,0,4,0
1,talklittle/reddit-is-fun,https://github.com/talklittle/reddit-is-fun,repositories/reddit-is-fun,773,11404,11,7,3,6,0
7,wallabag/android-app,https://github.com/wallabag/android-app,repositories/android-app,1215,12477,13,10,1,8,2
7,oschina/android-app,https://github.com/oschina/android-app,repositories/android-app,1215,12477,13,10,1,8,2
4,mconf/sipdroid,https://github.com/mconf/sipdroid,repositories/sipdroid,290,24257,36,16,2,1,4
10,sagemath/android,https://github.com/sagemath/android,repositories/android,11789,58064,66,25,10,9,6
10,owncloud/android,https://github.com/owncloud/android,repositories/android,11789,58064,66,25,10,9,6
3,justin66/MyTracks,https://github.com/justin66/MyTracks,repositories/MyTracks,2758,37031,52,7,2,11,2
10,github/android,https://github.com/github/android,repositories/android,11789,58064,66,25,10,9,6
10,cyclestreets/android,https://github.com/cyclestreets/android,repositories/android,11789,58064,66,25,10,9,6
1,felixb/websms,https://github.com/felixb/websms,repositories/websms,1651,4352,4,5,1,2,0
12,osmdroid/osmdroid,https://github.com/osmdroid/osmdroid,repositories/osmdroid,2805,45245,40,26,1,17,4
1,skhang/appsorganizer,https://github.com/skhang/appsorganizer,repositories/appsorganizer,172,12298,27,0,0,7,0
